input_id	dealiased_id	standard_id	short_id
url:https://pubmed.ncbi.nlm.nih.gov/4859964	url:https://pubmed.ncbi.nlm.nih.gov/4859964	url:https://pubmed.ncbi.nlm.nih.gov/4859964	gldEpQ9
url:https://royalsocietypublishing.org/doi/10.1098/rstb.1952.0012	url:https://royalsocietypublishing.org/doi/10.1098/rstb.1952.0012	url:https://royalsocietypublishing.org/doi/10.1098/rstb.1952.0012	UK6rEYVY
url:https://link.springer.com/article/10.1007/BF02628301	url:https://link.springer.com/article/10.1007/BF02628301	url:https://link.springer.com/article/10.1007/BF02628301	RqzQpRL0
url:https://pubmed.ncbi.nlm.nih.gov/13517261	url:https://pubmed.ncbi.nlm.nih.gov/13517261	url:https://pubmed.ncbi.nlm.nih.gov/13517261	AtEWfwCG
url:https://pubmed.ncbi.nlm.nih.gov/18990802	url:https://pubmed.ncbi.nlm.nih.gov/18990802	url:https://pubmed.ncbi.nlm.nih.gov/18990802	WmbDqOWv
url:https://www.ncbi.nlm.nih.gov/pmc/articles/PMC1198157	url:https://www.ncbi.nlm.nih.gov/pmc/articles/PMC1198157	url:https://www.ncbi.nlm.nih.gov/pmc/articles/PMC1198157	3t4YHcSd
url:https://www.ncbi.nlm.nih.gov/pmc/articles/PMC1198158	url:https://www.ncbi.nlm.nih.gov/pmc/articles/PMC1198158	url:https://www.ncbi.nlm.nih.gov/pmc/articles/PMC1198158	Htmw8erk
url:https://pubmed.ncbi.nlm.nih.gov/18134557	url:https://pubmed.ncbi.nlm.nih.gov/18134557	url:https://pubmed.ncbi.nlm.nih.gov/18134557	Dq9jMQ6v
url:https://pubmed.ncbi.nlm.nih.gov/11252753	url:https://pubmed.ncbi.nlm.nih.gov/11252753	url:https://pubmed.ncbi.nlm.nih.gov/11252753	prCR1hpf
url:https://www.semanticscholar.org/paper/Comprotein%3A-a-computer-program-to-aid-primary-Dayhoff-Ledley/5c73ddc7e6e3e142736210c8a2e71cc6e647bc41	url:https://www.semanticscholar.org/paper/Comprotein%3A-a-computer-program-to-aid-primary-Dayhoff-Ledley/5c73ddc7e6e3e142736210c8a2e71cc6e647bc41	url:https://www.semanticscholar.org/paper/Comprotein%3A-a-computer-program-to-aid-primary-Dayhoff-Ledley/5c73ddc7e6e3e142736210c8a2e71cc6e647bc41	1Bxyvu5tQ
url:https://febs.onlinelibrary.wiley.com/toc/14321033/5/2	url:https://febs.onlinelibrary.wiley.com/toc/14321033/5/2	url:https://febs.onlinelibrary.wiley.com/toc/14321033/5/2	ibvKtnrl
url:https://pubmed.ncbi.nlm.nih.gov/20665074	url:https://pubmed.ncbi.nlm.nih.gov/20665074	url:https://pubmed.ncbi.nlm.nih.gov/20665074	YYcdJkZI
url:https://pubmed.ncbi.nlm.nih.gov/5420325	url:https://pubmed.ncbi.nlm.nih.gov/5420325	url:https://pubmed.ncbi.nlm.nih.gov/5420325	C1oThCRN
url:https://pubmed.ncbi.nlm.nih.gov/3118049	url:https://pubmed.ncbi.nlm.nih.gov/3118049	url:https://pubmed.ncbi.nlm.nih.gov/3118049	9IbNBDhy
url:https://pubmed.ncbi.nlm.nih.gov/3243435	url:https://pubmed.ncbi.nlm.nih.gov/3243435	url:https://pubmed.ncbi.nlm.nih.gov/3243435	r9luxm5X
url:https://pubmed.ncbi.nlm.nih.gov/24170397	url:https://pubmed.ncbi.nlm.nih.gov/24170397	url:https://pubmed.ncbi.nlm.nih.gov/24170397	10odPMDxs
url:https://pubmed.ncbi.nlm.nih.gov/265521	url:https://pubmed.ncbi.nlm.nih.gov/265521	url:https://pubmed.ncbi.nlm.nih.gov/265521	NQbXc701
url:https://www.ncbi.nlm.nih.gov/pmc/articles/PMC432675	url:https://www.ncbi.nlm.nih.gov/pmc/articles/PMC432675	url:https://www.ncbi.nlm.nih.gov/pmc/articles/PMC432675	10pibmvLC
url:https://www.ncbi.nlm.nih.gov/pmc/articles/PMC327874	url:https://www.ncbi.nlm.nih.gov/pmc/articles/PMC327874	url:https://www.ncbi.nlm.nih.gov/pmc/articles/PMC327874	M8aKGlSe
url:https://pubmed.ncbi.nlm.nih.gov/7288891	url:https://pubmed.ncbi.nlm.nih.gov/7288891	url:https://pubmed.ncbi.nlm.nih.gov/7288891	nzs4mjEF
url:https://pubmed.ncbi.nlm.nih.gov/8703097	url:https://pubmed.ncbi.nlm.nih.gov/8703097	url:https://pubmed.ncbi.nlm.nih.gov/8703097	1CARqSM3b
url:https://pubmed.ncbi.nlm.nih.gov/28983516	url:https://pubmed.ncbi.nlm.nih.gov/28983516	url:https://pubmed.ncbi.nlm.nih.gov/28983516	17nhyKsKm
url:https://www.nobelprize.org/prizes/chemistry/1993/mullis/lecture	url:https://www.nobelprize.org/prizes/chemistry/1993/mullis/lecture	url:https://www.nobelprize.org/prizes/chemistry/1993/mullis/lecture	CvVpaf4a
url:https://pubmed.ncbi.nlm.nih.gov/6546423	url:https://pubmed.ncbi.nlm.nih.gov/6546423	url:https://pubmed.ncbi.nlm.nih.gov/6546423	12FKql4zv
url:https://link.springer.com/protocol/10.1385/1-59259-192-2:71	url:https://link.springer.com/protocol/10.1385/1-59259-192-2:71	url:https://link.springer.com/protocol/10.1385/1-59259-192-2:71	17EunIaqv
url:https://pubmed.ncbi.nlm.nih.gov/6320099	url:https://pubmed.ncbi.nlm.nih.gov/6320099	url:https://pubmed.ncbi.nlm.nih.gov/6320099	dSNqAXK0
url:https://www.gnu.org/gnu/manifesto.en.html	url:https://www.gnu.org/gnu/manifesto.en.html	url:https://www.gnu.org/gnu/manifesto.en.html	17gPkdn86
url:https://www.researchgate.net/publication/221307757_The_Free_Software_Movement_and_the_GNULinux_Operating_System	url:https://www.researchgate.net/publication/221307757_The_Free_Software_Movement_and_the_GNULinux_Operating_System	url:https://www.researchgate.net/publication/221307757_The_Free_Software_Movement_and_the_GNULinux_Operating_System	WD5AIwcy
url:https://pubmed.ncbi.nlm.nih.gov/7542800	url:https://pubmed.ncbi.nlm.nih.gov/7542800	url:https://pubmed.ncbi.nlm.nih.gov/7542800	11GoDnHp3
url:https://pubmed.ncbi.nlm.nih.gov/11181995	url:https://pubmed.ncbi.nlm.nih.gov/11181995	url:https://pubmed.ncbi.nlm.nih.gov/11181995	7GkBaAWF
url:https://pubmed.ncbi.nlm.nih.gov/9521923	url:https://pubmed.ncbi.nlm.nih.gov/9521923	url:https://pubmed.ncbi.nlm.nih.gov/9521923	Ero6Muzo
url:https://pubmed.ncbi.nlm.nih.gov/10731133	url:https://pubmed.ncbi.nlm.nih.gov/10731133	url:https://pubmed.ncbi.nlm.nih.gov/10731133	18guJvxxN
url:https://pubmed.ncbi.nlm.nih.gov/8332519	url:https://pubmed.ncbi.nlm.nih.gov/8332519	url:https://pubmed.ncbi.nlm.nih.gov/8332519	i2bVokif
url:https://www.ncbi.nlm.nih.gov/pmc/articles/PMC3531190	url:https://www.ncbi.nlm.nih.gov/pmc/articles/PMC3531190	url:https://www.ncbi.nlm.nih.gov/pmc/articles/PMC3531190	Tx5CQPm8
url:https://www.ncbi.nlm.nih.gov/pmc/articles/PMC441573	url:https://www.ncbi.nlm.nih.gov/pmc/articles/PMC441573	url:https://www.ncbi.nlm.nih.gov/pmc/articles/PMC441573	qPG24gP6
url:https://www.ncbi.nlm.nih.gov/pmc/articles/PMC29859	url:https://www.ncbi.nlm.nih.gov/pmc/articles/PMC29859	url:https://www.ncbi.nlm.nih.gov/pmc/articles/PMC29859	14cnpLsxs
url:https://pubmed.ncbi.nlm.nih.gov	url:https://pubmed.ncbi.nlm.nih.gov	url:https://pubmed.ncbi.nlm.nih.gov	1DNwvIpHH
url:https://academic.oup.com/nar/article/26/1/94/2379498	url:https://academic.oup.com/nar/article/26/1/94/2379498	url:https://academic.oup.com/nar/article/26/1/94/2379498	yOdF9F1J
url:https://pubmed.ncbi.nlm.nih.gov/38718835	url:https://pubmed.ncbi.nlm.nih.gov/38718835	url:https://pubmed.ncbi.nlm.nih.gov/38718835	XVMV1nZ
url:https://www.tandfonline.com/doi/abs/10.1080/00140138208924954	url:https://www.tandfonline.com/doi/abs/10.1080/00140138208924954	url:https://www.tandfonline.com/doi/abs/10.1080/00140138208924954	UglDtG3f
url:https://arxiv.org	url:https://arxiv.org	url:https://arxiv.org	jMSKwR4o
url:https://www.biorxiv.org	url:https://www.biorxiv.org	url:https://www.biorxiv.org	iWYRgRGv
url:https://pubmed.ncbi.nlm.nih.gov/16578412	url:https://pubmed.ncbi.nlm.nih.gov/16578412	url:https://pubmed.ncbi.nlm.nih.gov/16578412	4gIVWSCR
url:https://pubmed.ncbi.nlm.nih.gov/28040746	url:https://pubmed.ncbi.nlm.nih.gov/28040746	url:https://pubmed.ncbi.nlm.nih.gov/28040746	cc2nygki
url:https://archive.org/details/computationalmet0000unse_u4q5	url:https://archive.org/details/computationalmet0000unse_u4q5	url:https://archive.org/details/computationalmet0000unse_u4q5	eM1kmLmc
url:https://www.ncbi.nlm.nih.gov/pmc/articles/PMC4655909	url:https://www.ncbi.nlm.nih.gov/pmc/articles/PMC4655909	url:https://www.ncbi.nlm.nih.gov/pmc/articles/PMC4655909	Z7e2T8go
url:https://www.ncbi.nlm.nih.gov/pmc/articles/PMC3673555	url:https://www.ncbi.nlm.nih.gov/pmc/articles/PMC3673555	url:https://www.ncbi.nlm.nih.gov/pmc/articles/PMC3673555	sT4CEJLS
url:https://www.ncbi.nlm.nih.gov/pmc/articles/PMC7122948	url:https://www.ncbi.nlm.nih.gov/pmc/articles/PMC7122948	url:https://www.ncbi.nlm.nih.gov/pmc/articles/PMC7122948	16JwdMPBH
url:https://link.springer.com/article/10.1007/s10723-019-09497-9	url:https://link.springer.com/article/10.1007/s10723-019-09497-9	url:https://link.springer.com/article/10.1007/s10723-019-09497-9	1BWjfloX3
url:https://pubmed.ncbi.nlm.nih.gov/18761469	url:https://pubmed.ncbi.nlm.nih.gov/18761469	url:https://pubmed.ncbi.nlm.nih.gov/18761469	1DngqA2eE
url:https://pubmed.ncbi.nlm.nih.gov/22817898	url:https://pubmed.ncbi.nlm.nih.gov/22817898	url:https://pubmed.ncbi.nlm.nih.gov/22817898	FWkpcKEh
url:https://www.nature.com/articles/nmeth.4627	url:https://www.nature.com/articles/nmeth.4627	url:https://www.nature.com/articles/nmeth.4627	MNG16ntb
url:https://pubmed.ncbi.nlm.nih.gov/26471224	url:https://pubmed.ncbi.nlm.nih.gov/26471224	url:https://pubmed.ncbi.nlm.nih.gov/26471224	ZSOb6iY1
url:https://pubmed.ncbi.nlm.nih.gov/24556244	url:https://pubmed.ncbi.nlm.nih.gov/24556244	url:https://pubmed.ncbi.nlm.nih.gov/24556244	EOFcwWBm
url:https://www.ncbi.nlm.nih.gov/pmc/articles/PMC7426639	url:https://www.ncbi.nlm.nih.gov/pmc/articles/PMC7426639	url:https://www.ncbi.nlm.nih.gov/pmc/articles/PMC7426639	OHHpDn0z
url:https://www.ncbi.nlm.nih.gov/pmc/articles/PMC3856890	url:https://www.ncbi.nlm.nih.gov/pmc/articles/PMC3856890	url:https://www.ncbi.nlm.nih.gov/pmc/articles/PMC3856890	16yino3ku
url:https://www.ncbi.nlm.nih.gov/pmc/articles/PMC5966287	url:https://www.ncbi.nlm.nih.gov/pmc/articles/PMC5966287	url:https://www.ncbi.nlm.nih.gov/pmc/articles/PMC5966287	MgRWKCpM
url:https://www.researchgate.net/publication/30874496_Artificial_Intelligence_A_Modern_Approach	url:https://www.researchgate.net/publication/30874496_Artificial_Intelligence_A_Modern_Approach	url:https://www.researchgate.net/publication/30874496_Artificial_Intelligence_A_Modern_Approach	AviPiwRn
url:https://www.researchgate.net/publication/223020409_Chen_CM_Intelligent_Web-based_Learning_System_with_Personalized_Learning_Path_Guidance_Computers_Education_512_787-814	url:https://www.researchgate.net/publication/223020409_Chen_CM_Intelligent_Web-based_Learning_System_with_Personalized_Learning_Path_Guidance_Computers_Education_512_787-814	url:https://www.researchgate.net/publication/223020409_Chen_CM_Intelligent_Web-based_Learning_System_with_Personalized_Learning_Path_Guidance_Computers_Education_512_787-814	Gz18T5lX
url:https://ieeexplore.ieee.org/document/1145205	url:https://ieeexplore.ieee.org/document/1145205	url:https://ieeexplore.ieee.org/document/1145205	dae8L6vr
url:https://www.semanticscholar.org/paper/On-Interface-Requirements-for-Expert-Systems-Wexelblat/291bffa7fec4fafff62462d015dd86c466273d4c	url:https://www.semanticscholar.org/paper/On-Interface-Requirements-for-Expert-Systems-Wexelblat/291bffa7fec4fafff62462d015dd86c466273d4c	url:https://www.semanticscholar.org/paper/On-Interface-Requirements-for-Expert-Systems-Wexelblat/291bffa7fec4fafff62462d015dd86c466273d4c	bUBwlqml
url:https://stacks.stanford.edu/file/druid:pj337tr4694/pj337tr4694.pdf	url:https://stacks.stanford.edu/file/druid:pj337tr4694/pj337tr4694.pdf	url:https://stacks.stanford.edu/file/druid:pj337tr4694/pj337tr4694.pdf	TjcFIKAL
url:https://www.sciencedirect.com/science/article/abs/pii/S0020737378800492	url:https://www.sciencedirect.com/science/article/abs/pii/S0020737378800492	url:https://www.sciencedirect.com/science/article/abs/pii/S0020737378800492	DOfI6ZOm
url:https://www.researchgate.net/publication/235028224_The_Applicability_and_Limitations_of_Expert_System_Shells	url:https://www.researchgate.net/publication/235028224_The_Applicability_and_Limitations_of_Expert_System_Shells	url:https://www.researchgate.net/publication/235028224_The_Applicability_and_Limitations_of_Expert_System_Shells	om2dJrZ8
url:https://pubmed.ncbi.nlm.nih.gov/37468046	url:https://pubmed.ncbi.nlm.nih.gov/37468046	url:https://pubmed.ncbi.nlm.nih.gov/37468046	Q6HnLWXu
url:https://link.springer.com/article/10.1007/s10994-019-05855-6	url:https://link.springer.com/article/10.1007/s10994-019-05855-6	url:https://link.springer.com/article/10.1007/s10994-019-05855-6	117qAPYe7
url:https://www.ncbi.nlm.nih.gov/pmc/articles/PMC5765025	url:https://www.ncbi.nlm.nih.gov/pmc/articles/PMC5765025	url:https://www.ncbi.nlm.nih.gov/pmc/articles/PMC5765025	DWZxgqvi
url:https://ieeexplore.ieee.org/document/9072123	url:https://ieeexplore.ieee.org/document/9072123	url:https://ieeexplore.ieee.org/document/9072123	bLNWjb9u
url:https://ieeexplore.ieee.org/document/8716527	url:https://ieeexplore.ieee.org/document/8716527	url:https://ieeexplore.ieee.org/document/8716527	IWQdHNWs
url:https://www.sciencedirect.com/science/article/pii/S2666165921000041	url:https://www.sciencedirect.com/science/article/pii/S2666165921000041	url:https://www.sciencedirect.com/science/article/pii/S2666165921000041	13wKjJvoL
url:https://arxiv.org/abs/1511.08458	url:https://arxiv.org/abs/1511.08458	url:https://arxiv.org/abs/1511.08458	7jG4ORkP
url:https://arxiv.org/abs/1912.05911	url:https://arxiv.org/abs/1912.05911	url:https://arxiv.org/abs/1912.05911	To07TIhw
url:https://link.springer.com/article/10.1007/BF00114844	url:https://link.springer.com/article/10.1007/BF00114844	url:https://link.springer.com/article/10.1007/BF00114844	yxIOlxEU
url:https://arxiv.org/abs/2003.05991	url:https://arxiv.org/abs/2003.05991	url:https://arxiv.org/abs/2003.05991	LoYLzWSf
url:https://arxiv.org/abs/1406.2661	url:https://arxiv.org/abs/1406.2661	url:https://arxiv.org/abs/1406.2661	J5FKNc97
url:https://pubmed.ncbi.nlm.nih.gov/35855771	url:https://pubmed.ncbi.nlm.nih.gov/35855771	url:https://pubmed.ncbi.nlm.nih.gov/35855771	7ikCKv12
url:https://www.sciencedirect.com/science/article/pii/S2543925124000020	url:https://www.sciencedirect.com/science/article/pii/S2543925124000020	url:https://www.sciencedirect.com/science/article/pii/S2543925124000020	1J5MgQt2
url:https://arxiv.org/abs/1312.6114	url:https://arxiv.org/abs/1312.6114	url:https://arxiv.org/abs/1312.6114	12eS31RFj
url:https://www.researchgate.net/publication/377955158_Autoencoders_and_their_applications_in_machine_learning_a_survey	url:https://www.researchgate.net/publication/377955158_Autoencoders_and_their_applications_in_machine_learning_a_survey	url:https://www.researchgate.net/publication/377955158_Autoencoders_and_their_applications_in_machine_learning_a_survey	z4zN2ueG
url:https://www.biorxiv.org/content/10.1101/433763v5	url:https://www.biorxiv.org/content/10.1101/433763v5	url:https://www.biorxiv.org/content/10.1101/433763v5	OvkIs2vK
url:https://www.researchgate.net/publication/322870935_A_New_Dimension_of_Breast_Cancer_Epigenetics_-_Applications_of_Variational_Autoencoders_with_DNA_Methylation	url:https://www.researchgate.net/publication/322870935_A_New_Dimension_of_Breast_Cancer_Epigenetics_-_Applications_of_Variational_Autoencoders_with_DNA_Methylation	url:https://www.researchgate.net/publication/322870935_A_New_Dimension_of_Breast_Cancer_Epigenetics_-_Applications_of_Variational_Autoencoders_with_DNA_Methylation	Miw01DVK
url:https://arxiv.org/abs/1812.04948	url:https://arxiv.org/abs/1812.04948	url:https://arxiv.org/abs/1812.04948	1EHGNXskO
url:https://arxiv.org/abs/2006.11239	url:https://arxiv.org/abs/2006.11239	url:https://arxiv.org/abs/2006.11239	tzRTBD2w
url:https://arxiv.org/abs/2112.10752	url:https://arxiv.org/abs/2112.10752	url:https://arxiv.org/abs/2112.10752	emwEKYnI
url:https://arxiv.org/abs/1706.03762	url:https://arxiv.org/abs/1706.03762	url:https://arxiv.org/abs/1706.03762	gdGFbXoj
url:https://openai.com/index/chatgpt	url:https://openai.com/index/chatgpt	url:https://openai.com/index/chatgpt	UgpiYzZc
url:https://arxiv.org/abs/1910.10683	url:https://arxiv.org/abs/1910.10683	url:https://arxiv.org/abs/1910.10683	1DdwoI1Kr
url:https://arxiv.org/abs/1810.04805	url:https://arxiv.org/abs/1810.04805	url:https://arxiv.org/abs/1810.04805	cnHJ2ZPM
url:https://arxiv.org/abs/2005.14165	url:https://arxiv.org/abs/2005.14165	url:https://arxiv.org/abs/2005.14165	ihwUK6Sk
url:https://arxiv.org/abs/2311.05112	url:https://arxiv.org/abs/2311.05112	url:https://arxiv.org/abs/2311.05112	eRP3HctH
url:https://www.ncbi.nlm.nih.gov/pmc/articles/PMC5819974	url:https://www.ncbi.nlm.nih.gov/pmc/articles/PMC5819974	url:https://www.ncbi.nlm.nih.gov/pmc/articles/PMC5819974	1BrqDsUlc
url:https://gluebenchmark.com	url:https://gluebenchmark.com	url:https://gluebenchmark.com	OrFhTkp9
url:https://super.gluebenchmark.com	url:https://super.gluebenchmark.com	url:https://super.gluebenchmark.com	IyaaHAPt
url:https://arxiv.org/abs/1905.07830	url:https://arxiv.org/abs/1905.07830	url:https://arxiv.org/abs/1905.07830	eMFlKM40
url:https://arxiv.org/abs/2109.07958	url:https://arxiv.org/abs/2109.07958	url:https://arxiv.org/abs/2109.07958	z4KRV9wF
url:https://arxiv.org/abs/2009.03300	url:https://arxiv.org/abs/2009.03300	url:https://arxiv.org/abs/2009.03300	1DdXyopJh
url:https://arxiv.org/abs/2401.14656	url:https://arxiv.org/abs/2401.14656	url:https://arxiv.org/abs/2401.14656	xoXi6JBv
url:https://arxiv.org/abs/1901.08746	url:https://arxiv.org/abs/1901.08746	url:https://arxiv.org/abs/1901.08746	11KKjDIVI
url:https://arxiv.org/abs/2010.06060	url:https://arxiv.org/abs/2010.06060	url:https://arxiv.org/abs/2010.06060	WWUD4rgh
url:https://arxiv.org/abs/2007.15779	url:https://arxiv.org/abs/2007.15779	url:https://arxiv.org/abs/2007.15779	1E2ZqNklN
url:https://aclanthology.org/2021.bionlp-1.24	url:https://aclanthology.org/2021.bionlp-1.24	url:https://aclanthology.org/2021.bionlp-1.24	xBZDDNz8
url:https://arxiv.org/abs/2203.15827	url:https://arxiv.org/abs/2203.15827	url:https://arxiv.org/abs/2203.15827	7oKEC5H3
url:https://www.semanticscholar.org/paper/Improving-Language-Understanding-by-Generative-Radford-Narasimhan/cd18800a0fe0b668a1cc19f2ec95b5003d0a5035	url:https://www.semanticscholar.org/paper/Improving-Language-Understanding-by-Generative-Radford-Narasimhan/cd18800a0fe0b668a1cc19f2ec95b5003d0a5035	url:https://www.semanticscholar.org/paper/Improving-Language-Understanding-by-Generative-Radford-Narasimhan/cd18800a0fe0b668a1cc19f2ec95b5003d0a5035	4RZT0xlw
url:https://www.semanticscholar.org/paper/Language-Models-are-Unsupervised-Multitask-Learners-Radford-Wu/9405cc0d6169988371b2755e573cc28650d14dfe	url:https://www.semanticscholar.org/paper/Language-Models-are-Unsupervised-Multitask-Learners-Radford-Wu/9405cc0d6169988371b2755e573cc28650d14dfe	url:https://www.semanticscholar.org/paper/Language-Models-are-Unsupervised-Multitask-Learners-Radford-Wu/9405cc0d6169988371b2755e573cc28650d14dfe	BUVSzC66
url:https://arxiv.org/abs/2210.10341	url:https://arxiv.org/abs/2210.10341	url:https://arxiv.org/abs/2210.10341	17n2DOU6H
url:https://arxiv.org/abs/2308.09442	url:https://arxiv.org/abs/2308.09442	url:https://arxiv.org/abs/2308.09442	J8Pydzc8
url:https://arxiv.org/abs/2302.13971	url:https://arxiv.org/abs/2302.13971	url:https://arxiv.org/abs/2302.13971	ZUDBmsmY
url:https://www.ncbi.nlm.nih.gov/pmc/articles/PMC4511057	url:https://www.ncbi.nlm.nih.gov/pmc/articles/PMC4511057	url:https://www.ncbi.nlm.nih.gov/pmc/articles/PMC4511057	xx1BGPFN
url:https://www.tandfonline.com/doi/pdf/10.1207/s15430421tip4104_2	url:https://www.tandfonline.com/doi/pdf/10.1207/s15430421tip4104_2	url:https://www.tandfonline.com/doi/pdf/10.1207/s15430421tip4104_2	9POuL4HH
url:https://arxiv.org/abs/2308.13149	url:https://arxiv.org/abs/2308.13149	url:https://arxiv.org/abs/2308.13149	AU2DrFMM
url:https://arxiv.org/abs/2305.08322	url:https://arxiv.org/abs/2305.08322	url:https://arxiv.org/abs/2305.08322	11eq54zNQ
url:https://arxiv.org/abs/1909.06146	url:https://arxiv.org/abs/1909.06146	url:https://arxiv.org/abs/1909.06146	C6CjQZug
url:https://arxiv.org/abs/1707.06209	url:https://arxiv.org/abs/1707.06209	url:https://arxiv.org/abs/1707.06209	1AbLepXdc
url:https://arxiv.org/abs/2110.15527	url:https://arxiv.org/abs/2110.15527	url:https://arxiv.org/abs/2110.15527	ws5eobRv
url:https://www.biorxiv.org/content/10.1101/2023.12.06.570473v1.full	url:https://www.biorxiv.org/content/10.1101/2023.12.06.570473v1.full	url:https://www.biorxiv.org/content/10.1101/2023.12.06.570473v1.full	RQ40o1d0
url:https://openreview.net/forum?id	url:https://openreview.net/forum?id	url:https://openreview.net/forum?id	3AjKbAlp
url:https://pubmed.ncbi.nlm.nih.gov/35477726	url:https://pubmed.ncbi.nlm.nih.gov/35477726	url:https://pubmed.ncbi.nlm.nih.gov/35477726	18PNFVXMG
url:https://arxiv.org/abs/2004.03497	url:https://arxiv.org/abs/2004.03497	url:https://arxiv.org/abs/2004.03497	1EwWbaeg2
url:https://arxiv.org/abs/2206.13517	url:https://arxiv.org/abs/2206.13517	url:https://arxiv.org/abs/2206.13517	NNPUXrCp
url:https://arxiv.org/abs/2205.05789	url:https://arxiv.org/abs/2205.05789	url:https://arxiv.org/abs/2205.05789	o5h39u4V
url:https://arxiv.org/abs/2306.06156	url:https://arxiv.org/abs/2306.06156	url:https://arxiv.org/abs/2306.06156	10tIBLTT8
url:https://arxiv.org/abs/2302.01649	url:https://arxiv.org/abs/2302.01649	url:https://arxiv.org/abs/2302.01649	R8VlFsXM
url:https://www.biorxiv.org/content/10.1101/2023.07.23.550085v2	url:https://www.biorxiv.org/content/10.1101/2023.07.23.550085v2	url:https://www.biorxiv.org/content/10.1101/2023.07.23.550085v2	L387tcBg
url:https://arxiv.org/abs/2301.02748	url:https://arxiv.org/abs/2301.02748	url:https://arxiv.org/abs/2301.02748	1HFrE3NU1
url:https://arxiv.org/abs/2106.13058	url:https://arxiv.org/abs/2106.13058	url:https://arxiv.org/abs/2106.13058	5ndwLMAS
url:https://arxiv.org/abs/1907.01356	url:https://arxiv.org/abs/1907.01356	url:https://arxiv.org/abs/1907.01356	FLyjjIcB
url:https://pubmed.ncbi.nlm.nih.gov/33538820	url:https://pubmed.ncbi.nlm.nih.gov/33538820	url:https://pubmed.ncbi.nlm.nih.gov/33538820	1Fjz4nRHW
url:https://arxiv.org/abs/2306.15006	url:https://arxiv.org/abs/2306.15006	url:https://arxiv.org/abs/2306.15006	q1jtH9xA
url:https://www.springerprofessional.de/en/ienhancer-bert-a-novel-transfer-learning-architecture-based-on-d/23365796	url:https://www.springerprofessional.de/en/ienhancer-bert-a-novel-transfer-learning-architecture-based-on-d/23365796	url:https://www.springerprofessional.de/en/ienhancer-bert-a-novel-transfer-learning-architecture-based-on-d/23365796	7LBeQ0qG
url:https://www.researchgate.net/publication/362540943_MoDNA_motif-oriented_pre-training_for_DNA_language_model	url:https://www.researchgate.net/publication/362540943_MoDNA_motif-oriented_pre-training_for_DNA_language_model	url:https://www.researchgate.net/publication/362540943_MoDNA_motif-oriented_pre-training_for_DNA_language_model	boBvfMUu
url:https://www.biorxiv.org/content/10.1101/2023.06.12.544594v1.full	url:https://www.biorxiv.org/content/10.1101/2023.06.12.544594v1.full	url:https://www.biorxiv.org/content/10.1101/2023.06.12.544594v1.full	xvk2JF2w
url:https://www.biorxiv.org/content/10.1101/2023.01.11.523679v1	url:https://www.biorxiv.org/content/10.1101/2023.01.11.523679v1	url:https://www.biorxiv.org/content/10.1101/2023.01.11.523679v1	34PAkn0s
url:https://www.ncbi.nlm.nih.gov/pmc/articles/PMC10370089	url:https://www.ncbi.nlm.nih.gov/pmc/articles/PMC10370089	url:https://www.ncbi.nlm.nih.gov/pmc/articles/PMC10370089	zszw9syp
url:https://www.biorxiv.org/content/10.1101/2023.07.11.548588v1	url:https://www.biorxiv.org/content/10.1101/2023.07.11.548588v1	url:https://www.biorxiv.org/content/10.1101/2023.07.11.548588v1	LZbja2NS
url:https://pubmed.ncbi.nlm.nih.gov/34608324	url:https://pubmed.ncbi.nlm.nih.gov/34608324	url:https://pubmed.ncbi.nlm.nih.gov/34608324	16YP71KXq
url:https://www.researchgate.net/publication/354105080_LOGO_a_contextualized_pre-trained_language_model_of_human_genome_flexibly_adapts_to_various_downstream_tasks_by_fine-tuning	url:https://www.researchgate.net/publication/354105080_LOGO_a_contextualized_pre-trained_language_model_of_human_genome_flexibly_adapts_to_various_downstream_tasks_by_fine-tuning	url:https://www.researchgate.net/publication/354105080_LOGO_a_contextualized_pre-trained_language_model_of_human_genome_flexibly_adapts_to_various_downstream_tasks_by_fine-tuning	VQVJDKnn
url:https://pubmed.ncbi.nlm.nih.gov/34581805	url:https://pubmed.ncbi.nlm.nih.gov/34581805	url:https://pubmed.ncbi.nlm.nih.gov/34581805	oDgLqpUO
url:https://www.biorxiv.org/content/10.1101/2022.10.10.511571v1	url:https://www.biorxiv.org/content/10.1101/2022.10.10.511571v1	url:https://www.biorxiv.org/content/10.1101/2022.10.10.511571v1	6VSmIaGf
url:https://www.biorxiv.org/content/10.1101/2023.07.11.548628v1	url:https://www.biorxiv.org/content/10.1101/2023.07.11.548628v1	url:https://www.biorxiv.org/content/10.1101/2023.07.11.548628v1	OSbr1Vwp
url:https://arxiv.org/abs/2306.15794	url:https://arxiv.org/abs/2306.15794	url:https://arxiv.org/abs/2306.15794	171NrBohw
url:https://arxiv.org/abs/2311.02333	url:https://arxiv.org/abs/2311.02333	url:https://arxiv.org/abs/2311.02333	1HaTNUuyf
url:https://pubmed.ncbi.nlm.nih.gov/36136096	url:https://pubmed.ncbi.nlm.nih.gov/36136096	url:https://pubmed.ncbi.nlm.nih.gov/36136096	GcVrid39
url:https://pubmed.ncbi.nlm.nih.gov/31797628	url:https://pubmed.ncbi.nlm.nih.gov/31797628	url:https://pubmed.ncbi.nlm.nih.gov/31797628	XD0xBDxb
url:https://pubmed.ncbi.nlm.nih.gov/33539374	url:https://pubmed.ncbi.nlm.nih.gov/33539374	url:https://pubmed.ncbi.nlm.nih.gov/33539374	19IrNgQEN
url:https://www.ncbi.nlm.nih.gov/pmc/articles/PMC10592768	url:https://www.ncbi.nlm.nih.gov/pmc/articles/PMC10592768	url:https://www.ncbi.nlm.nih.gov/pmc/articles/PMC10592768	AXwYjitz
url:https://arxiv.org/abs/2212.10789	url:https://arxiv.org/abs/2212.10789	url:https://arxiv.org/abs/2212.10789	vPDj8bGo
url:https://arxiv.org/abs/2306.08018	url:https://arxiv.org/abs/2306.08018	url:https://arxiv.org/abs/2306.08018	1sH9m3JL
url:https://pubmed.ncbi.nlm.nih.gov/35165275	url:https://pubmed.ncbi.nlm.nih.gov/35165275	url:https://pubmed.ncbi.nlm.nih.gov/35165275	8pwrkuN4
url:https://arxiv.org/abs/2301.12040	url:https://arxiv.org/abs/2301.12040	url:https://arxiv.org/abs/2301.12040	m1jSSz9o
url:https://aclanthology.org/2021.emnlp-main.47	url:https://aclanthology.org/2021.emnlp-main.47	url:https://aclanthology.org/2021.emnlp-main.47	2aufANiR
url:https://arxiv.org/abs/2302.04611	url:https://arxiv.org/abs/2302.04611	url:https://arxiv.org/abs/2302.04611	tP9JVlEF
url:https://arxiv.org/abs/2307.14367	url:https://arxiv.org/abs/2307.14367	url:https://arxiv.org/abs/2307.14367	1A950Jvos
url:https://pubmed.ncbi.nlm.nih.gov/36124801	url:https://pubmed.ncbi.nlm.nih.gov/36124801	url:https://pubmed.ncbi.nlm.nih.gov/36124801	iU5gKzdn
url:https://www.semanticscholar.org/paper/SMILES-BERT%3A-Large-Scale-Unsupervised-Pre-Training-Wang-Guo/3d99747cc3e13d22f21e02c35e82b57d2e351e2a	url:https://www.semanticscholar.org/paper/SMILES-BERT%3A-Large-Scale-Unsupervised-Pre-Training-Wang-Guo/3d99747cc3e13d22f21e02c35e82b57d2e351e2a	url:https://www.semanticscholar.org/paper/SMILES-BERT%3A-Large-Scale-Unsupervised-Pre-Training-Wang-Guo/3d99747cc3e13d22f21e02c35e82b57d2e351e2a	17px28BEq
url:https://pubs.acs.org/doi/10.1021/acs.jcim.1c00600	url:https://pubs.acs.org/doi/10.1021/acs.jcim.1c00600	url:https://pubs.acs.org/doi/10.1021/acs.jcim.1c00600	1865CJ7gK
url:https://chemrxiv.org/engage/chemrxiv/article-details/6142f60742198e8c31782e9e	url:https://chemrxiv.org/engage/chemrxiv/article-details/6142f60742198e8c31782e9e	url:https://chemrxiv.org/engage/chemrxiv/article-details/6142f60742198e8c31782e9e	1C5bcQVLo
url:https://pubs.acs.org/doi/10.1021/acscentsci.9b00576	url:https://pubs.acs.org/doi/10.1021/acscentsci.9b00576	url:https://pubs.acs.org/doi/10.1021/acscentsci.9b00576	Ho9yh6th
url:https://www.sciencedaily.com/releases/2022/09/220923090832.htm	url:https://www.sciencedaily.com/releases/2022/09/220923090832.htm	url:https://www.sciencedaily.com/releases/2022/09/220923090832.htm	rTpWDKdy
url:https://www.biorxiv.org/content/10.1101/2022.12.09.519842v1	url:https://www.biorxiv.org/content/10.1101/2022.12.09.519842v1	url:https://www.biorxiv.org/content/10.1101/2022.12.09.519842v1	iwz5DRLF
url:https://pubmed.ncbi.nlm.nih.gov/36108050	url:https://pubmed.ncbi.nlm.nih.gov/36108050	url:https://pubmed.ncbi.nlm.nih.gov/36108050	Ar0akTY8
url:https://arxiv.org/abs/2301.06568	url:https://arxiv.org/abs/2301.06568	url:https://arxiv.org/abs/2301.06568	zATp0wNO
url:https://www.scanthehorizon.org/p/dnai-the-artificial-intelligence	url:https://www.scanthehorizon.org/p/dnai-the-artificial-intelligence	url:https://www.scanthehorizon.org/p/dnai-the-artificial-intelligence	hXLTkVKX
url:https://www.ncbi.nlm.nih.gov/pmc/articles/PMC3032381	url:https://www.ncbi.nlm.nih.gov/pmc/articles/PMC3032381	url:https://www.ncbi.nlm.nih.gov/pmc/articles/PMC3032381	JkRFkNmt
url:https://www.nature.com/articles/s41586-021-03819-2	url:https://www.nature.com/articles/s41586-021-03819-2	url:https://www.nature.com/articles/s41586-021-03819-2	qdpFhm5d
url:https://pubmed.ncbi.nlm.nih.gov/34282049	url:https://pubmed.ncbi.nlm.nih.gov/34282049	url:https://pubmed.ncbi.nlm.nih.gov/34282049	aTuvh2K
url:https://www.science.org/doi/10.1126/science.add2210	url:https://www.science.org/doi/10.1126/science.add2210	url:https://www.science.org/doi/10.1126/science.add2210	JVovM7kx
url:https://pubmed.ncbi.nlm.nih.gov/37495693	url:https://pubmed.ncbi.nlm.nih.gov/37495693	url:https://pubmed.ncbi.nlm.nih.gov/37495693	5C9SlgjM
url:https://pubmed.ncbi.nlm.nih.gov/31589781	url:https://pubmed.ncbi.nlm.nih.gov/31589781	url:https://pubmed.ncbi.nlm.nih.gov/31589781	t5RQ2moY
url:https://pubmed.ncbi.nlm.nih.gov/10592235	url:https://pubmed.ncbi.nlm.nih.gov/10592235	url:https://pubmed.ncbi.nlm.nih.gov/10592235	dCXEowTE
url:https://pubmed.ncbi.nlm.nih.gov/36927031	url:https://pubmed.ncbi.nlm.nih.gov/36927031	url:https://pubmed.ncbi.nlm.nih.gov/36927031	tqicyXuM
url:https://www.biorxiv.org/content/10.1101/2022.07.21.500999v1	url:https://www.biorxiv.org/content/10.1101/2022.07.21.500999v1	url:https://www.biorxiv.org/content/10.1101/2022.07.21.500999v1	mG5bRSDU
url:https://www.nature.com/articles/s41586-024-07487-w	url:https://www.nature.com/articles/s41586-024-07487-w	url:https://www.nature.com/articles/s41586-024-07487-w	1Dw3zwV6h
url:https://www.nature.com/articles/s41587-023-01705-y	url:https://www.nature.com/articles/s41587-023-01705-y	url:https://www.nature.com/articles/s41587-023-01705-y	SnkCHfpX
url:https://pubmed.ncbi.nlm.nih.gov/37881323	url:https://pubmed.ncbi.nlm.nih.gov/37881323	url:https://pubmed.ncbi.nlm.nih.gov/37881323	Cicp6dTw
url:https://www.frontiersin.org/articles/10.3389/frai.2024.1382356/full	url:https://www.frontiersin.org/articles/10.3389/frai.2024.1382356/full	url:https://www.frontiersin.org/articles/10.3389/frai.2024.1382356/full	e2upB1EQ
url:https://kpmg.com/uk/en/home/insights/2024/03/navigating-the-legal-and-ethical-challenges-of-ai-in-healthcare.html	url:https://kpmg.com/uk/en/home/insights/2024/03/navigating-the-legal-and-ethical-challenges-of-ai-in-healthcare.html	url:https://kpmg.com/uk/en/home/insights/2024/03/navigating-the-legal-and-ethical-challenges-of-ai-in-healthcare.html	12hNAUYKX
url:https://www.ncbi.nlm.nih.gov/pmc/articles/PMC8826344	url:https://www.ncbi.nlm.nih.gov/pmc/articles/PMC8826344	url:https://www.ncbi.nlm.nih.gov/pmc/articles/PMC8826344	17K5Ty7Fj
url:https://www.aciinfotech.com/blogs/ethical-ai-in-life-sciences-impact-guidelines	url:https://www.aciinfotech.com/blogs/ethical-ai-in-life-sciences-impact-guidelines	url:https://www.aciinfotech.com/blogs/ethical-ai-in-life-sciences-impact-guidelines	ye7UmZPY
url:https://pubmed.ncbi.nlm.nih.gov/37682111	url:https://pubmed.ncbi.nlm.nih.gov/37682111	url:https://pubmed.ncbi.nlm.nih.gov/37682111	FzEFtq9e
url:https://arxiv.org/abs/2305.16326	url:https://arxiv.org/abs/2305.16326	url:https://arxiv.org/abs/2305.16326	nIxULWpe
url:https://arxiv.org/abs/2212.13138	url:https://arxiv.org/abs/2212.13138	url:https://arxiv.org/abs/2212.13138	1DrOhLdUs
url:https://pubmed.ncbi.nlm.nih.gov/37460753	url:https://pubmed.ncbi.nlm.nih.gov/37460753	url:https://pubmed.ncbi.nlm.nih.gov/37460753	TKv5YqOB
url:https://www.nist.gov/artificial-intelligence/executive-order-safe-secure-and-trustworthy-artificial-intelligence	url:https://www.nist.gov/artificial-intelligence/executive-order-safe-secure-and-trustworthy-artificial-intelligence	url:https://www.nist.gov/artificial-intelligence/executive-order-safe-secure-and-trustworthy-artificial-intelligence	Q1QW0BcS
url:https://cset.georgetown.edu/article/what-does-ai-red-teaming-actually-mean	url:https://cset.georgetown.edu/article/what-does-ai-red-teaming-actually-mean	url:https://cset.georgetown.edu/article/what-does-ai-red-teaming-actually-mean	3WhKhYXF
url:https://ideas.repec.org/a/aza/csj000/y2024v7i3p207-216.html	url:https://ideas.repec.org/a/aza/csj000/y2024v7i3p207-216.html	url:https://ideas.repec.org/a/aza/csj000/y2024v7i3p207-216.html	TKrwMi6z
url:https://www.researchgate.net/publication/372592054_Violet_Teaming_AI_in_the_Life_Sciences_A_Preprint	url:https://www.researchgate.net/publication/372592054_Violet_Teaming_AI_in_the_Life_Sciences_A_Preprint	url:https://www.researchgate.net/publication/372592054_Violet_Teaming_AI_in_the_Life_Sciences_A_Preprint	9ODUtCAc
url:https://arxiv.org/abs/2308.14253	url:https://arxiv.org/abs/2308.14253	url:https://arxiv.org/abs/2308.14253	hhou3YWO
url:https://www.intechopen.com/online-first/89417	url:https://www.intechopen.com/online-first/89417	url:https://www.intechopen.com/online-first/89417	ntSixaJH
